"model","ordinal","repetition","case","collectionSeconds","baselineMicroseconds","candidateMicroseconds","pythonMicroseconds","baselineIqrPercent","candidateIqrPercent","pythonIqrPercent","latencyChangePercent"
"all-at-once","0","1","control.empty.control","6.4034388","23.397028340080972","23.34470945945946","1.4844795792079208","5.537258096723578","4.303759576291538","0.3950385088514476","-0.2236133574787691"
"all-at-once","1","1","loops.integer.large","6.947997","1622.0445","1635.4456315789473","580.6676481481481","0.7083976426047457","1.0213198932710086","0.07593749123972654","0.8261876649467537"
"all-at-once","2","1","diagnostic.strings.split-count-ascii.medium","6.7924175","284.6402926829268","100.01481725888326","32.51625086705202","4.26453516170859","2.8125375737473073","0.7141737966719199","-64.86273383287514"
"all-at-once","3","1","strings.pipeline-ascii.medium","6.8291881","329.0625","138.89655639097742","41.46169933774834","6.346601294198203","2.583623383486224","0.42533629457048366","-57.79022028004485"
"all-at-once","4","1","diagnostic.strings.split-index-ascii.medium","6.8447213","278.325828125","321.64518292682925","32.48143787696019","3.69739479689188","11.182743596612006","0.6442670123702691","15.564259736029218"
"all-at-once","5","1","strings.scan-supplementary.medium","6.9484763","895.5053235294117","856.3665428571429","226.6934338235294","0.39403319473156045","0.3027808953235762","0.16194130016287045","-4.370580458194606"
"all-at-once","6","2","control.empty.control","6.3710684","23.756557324840763","23.073538686131386","1.4531071361940298","1.7291839906353876","5.006836598741674","0.8846265065624104","-2.875074150559631"
"all-at-once","7","2","loops.integer.large","6.9551571","1662.2017894736841","1633.0898421052632","582.0887","1.4205840610776481","1.3026195387387525","0.06104567912073697","-1.7514087370606668"
"all-at-once","8","2","diagnostic.strings.split-count-ascii.medium","6.85308","284.78300813008127","98.040734375","32.430257497414686","2.0809810693122257","2.494206675679705","0.2639822839619001","-65.57353087224304"
"all-at-once","9","2","strings.pipeline-ascii.medium","6.8494656","339.9357954545454","140.26300740740743","41.30562768817204","8.283270403669137","3.2843933507770937","0.36814316255887186","-58.73838257608186"
"all-at-once","10","2","diagnostic.strings.split-index-ascii.medium","6.9225576","287.7499380530973","320.3244","32.443787056367434","7.709439393711554","10.257357463246617","0.36437360679212644","11.32040624137054"
"all-at-once","11","2","strings.scan-supplementary.medium","6.9904452","864.7386857142857","915.3998787878788","243.84072868217055","0.28108904510012855","1.1814525435414918","0.6505994159232333","5.858555180949998"
"per-item","0","1","control.empty.control","6.4050585","23.582670825335892","24.196718475073315","1.464019395622815","4.599971196195793","3.7998445294622583","0.7568010129083582","2.6038087640087193"
"per-item","1","1","loops.integer.large","6.9695812","1644.54205","1668.21465","600.4272307692307","0.8162667534101745","0.9761558562023287","0.0864800884088337","1.4394645609700163"
"per-item","2","1","diagnostic.strings.split-count-ascii.medium","6.7871631","282.204193877551","99.37082352941177","32.398171160609614","2.000485536399296","3.801399866453878","0.2820379770470234","-64.78761631284297"
"per-item","3","1","strings.pipeline-ascii.medium","6.8735057","330.5755576923077","138.0655744680851","41.390093544137024","2.9506259159069437","2.3170226543600405","0.20941852736270739","-58.23479042676427"
"per-item","4","1","diagnostic.strings.split-index-ascii.medium","6.8128257","280.80030188679245","99.60106857142858","33.81439243243243","10.823785264435545","1.4199790283374445","0.303063020054823","-64.52957211862835"
"per-item","5","1","strings.scan-supplementary.medium","6.9379801","872.3388235294118","875.1623611111112","220.28623880597016","0.8180931451351896","0.7693731115607323","0.0637857338667591","0.3236744147504078"
"per-item","6","2","control.empty.control","6.4197847","23.095874271440465","23.27764655839134","1.4749363540870892","4.208347385883243","4.0338232474406714","0.43954616394440627","0.7870335836372533"
"per-item","7","2","loops.integer.large","6.9486754","1632.6037222222221","1664.1386315789473","638.4772448979592","0.5833354062547704","0.4273113126898701","0.10509699656884405","1.9315715704605552"
"per-item","8","2","diagnostic.strings.split-count-ascii.medium","6.6979464","345.42687096774193","101.03723036649215","32.39909740932642","12.907180857943606","3.020904481272803","0.45092889269703884","-70.75003745845596"
"per-item","9","2","strings.pipeline-ascii.medium","6.8038721","344.68494186046513","139.19449999999998","41.47243522561863","9.615572427871026","1.9086414194504913","0.32258321524865624","-59.616889775141814"
"per-item","10","2","diagnostic.strings.split-index-ascii.medium","6.7883432","278.3239134615385","101.654745","32.28460411899314","8.736726476728645","3.7474074623865405","0.277081934045987","-63.47610101636213"
"per-item","11","2","strings.scan-supplementary.medium","6.9252918","914.8866060606061","876.7113142857143","218.0065985915493","0.777619137301254","0.9283101366874436","0.34217048023841423","-4.1726801465889025"
