ordinal,case,collection_seconds,engine,median_microseconds,iqr_fraction,candidate_latency_percent,responses,receipt_sha256
0,control.empty.control,6.3948394,baseline,23.543480399144688,0.04107625680853813,-1.1618810688787784,45,9fa71bd075a71abe54ecd8b0da93ad1514ca4cffc66d4b2d20e510954e224f8c
0,control.empty.control,6.3948394,candidate,23.26993315743184,0.01702466037194013,-1.1618810688787784,45,9fa71bd075a71abe54ecd8b0da93ad1514ca4cffc66d4b2d20e510954e224f8c
0,control.empty.control,6.3948394,CPython,1.4757147810392324,0.006500223899819609,-1.1618810688787784,45,9fa71bd075a71abe54ecd8b0da93ad1514ca4cffc66d4b2d20e510954e224f8c
1,loops.integer.large,6.9491458,baseline,1629.3668421052632,0.010334285484481304,-0.20274262168998858,43,0252e6e6d8ab8e3c50ee7074bff4c9e394d2ec7a0a0167bdc616fdab709c349d
1,loops.integer.large,6.9491458,candidate,1626.0634210526316,0.011811039933219428,-0.20274262168998858,43,0252e6e6d8ab8e3c50ee7074bff4c9e394d2ec7a0a0167bdc616fdab709c349d
1,loops.integer.large,6.9491458,CPython,644.1905918367347,0.0006229617872946338,-0.20274262168998858,43,0252e6e6d8ab8e3c50ee7074bff4c9e394d2ec7a0a0167bdc616fdab709c349d
2,strings.pipeline-ascii.medium,6.6809672,baseline,139.27149193548388,0.026774752144873574,1.245161589956223,42,8147288a3d8b6c54fed041b8e19ce3e2fce2963643e1fe5b63753b48b3950ee0
2,strings.pipeline-ascii.medium,6.6809672,candidate,141.0056470588235,0.030766046360540738,1.245161589956223,42,8147288a3d8b6c54fed041b8e19ce3e2fce2963643e1fe5b63753b48b3950ee0
2,strings.pipeline-ascii.medium,6.6809672,CPython,41.72782489146165,0.002985215992258088,1.245161589956223,42,8147288a3d8b6c54fed041b8e19ce3e2fce2963643e1fe5b63753b48b3950ee0
3,control.empty.control,6.4233254,baseline,23.490428237129485,0.0426461748999965,1.4791897361956075,45,fcfcad6212c7b8597d1c3d03aebf75331d0dcb9de0531483318021dc1fc3192e
3,control.empty.control,6.4233254,candidate,23.837896240601502,0.02202019139171904,1.4791897361956075,45,fcfcad6212c7b8597d1c3d03aebf75331d0dcb9de0531483318021dc1fc3192e
3,control.empty.control,6.4233254,CPython,1.4586371904295508,0.002679055618226154,1.4791897361956075,45,fcfcad6212c7b8597d1c3d03aebf75331d0dcb9de0531483318021dc1fc3192e
4,loops.integer.large,6.9511022,baseline,1616.4433157894737,0.013653562924683614,5.263840628920735,43,975f955dffbd5507c941085bb39ce78679688068c90f03a0b63fe6b8b64aa259
4,loops.integer.large,6.9511022,candidate,1701.5303157894737,0.009203015885761757,5.263840628920735,43,975f955dffbd5507c941085bb39ce78679688068c90f03a0b63fe6b8b64aa259
4,loops.integer.large,6.9511022,CPython,642.8162127659575,0.000347225417198543,5.263840628920735,43,975f955dffbd5507c941085bb39ce78679688068c90f03a0b63fe6b8b64aa259
5,strings.pipeline-ascii.medium,6.7730688,baseline,140.53794736842104,0.022268970032282804,-1.5058484155489382,44,4839c0b271143baad31e9d5b134adc36349897a6c926f142b16c1f9c3ac87882
5,strings.pipeline-ascii.medium,6.7730688,candidate,138.42165891472868,0.016291503200478244,-1.5058484155489382,44,4839c0b271143baad31e9d5b134adc36349897a6c926f142b16c1f9c3ac87882
5,strings.pipeline-ascii.medium,6.7730688,CPython,41.2612197368421,0.002264695022186536,-1.5058484155489382,44,4839c0b271143baad31e9d5b134adc36349897a6c926f142b16c1f9c3ac87882
